Actual Grade,Predicted Grade
91.03999999999999,91.03999999999999
